SqFt,Bedrooms,Bathrooms,AgeYears,GarageSpaces,LotSize,OverallQuality,DistanceToCityKm,RoomsTotal,QualityPerAge,Neighborhood,ActualPrice,PredictedPrice
2174.0,3,2.4,15.0,0.0,7160.0,5,1.1,5.4,0.3125,Downtown,408214.0,401282.0
2931.0,3,2.4,3.0,2.0,9150.0,5,30.4,5.4,1.25,Downtown,482309.0,481380.0
1241.0,2,1.3,5.0,0.0,3428.0,5,1.1,3.3,0.8333333333333334,Downtown,291909.0,279109.0
1054.0,4,4.0,44.0,0.0,1604.0,7,12.3,8.0,0.15555555555555556,Suburb,246463.0,223912.0
940.0,4,3.0,32.0,2.0,2489.0,6,16.1,7.0,0.18181818181818182,Suburb,222406.0,216478.0
1953.0,4,2.8,12.0,2.0,3120.0,3,13.9,6.8,0.23076923076923078,Suburb,271140.0,291346.0
1700.0,4,2.3,10.0,2.0,2256.0,4,16.4,6.3,0.36363636363636365,Suburb,293379.0,266259.0
1616.0,2,1.6,22.0,3.0,2070.0,6,14.3,3.6,0.2608695652173913,Suburb,287325.0,267908.0
1787.0,4,2.4,9.0,0.0,3266.0,6,4.5,6.4,0.6,Rural,257356.0,240156.0
2079.0,3,2.4,2.0,3.0,3643.0,9,10.1,5.4,3.0,Downtown,413926.0,419968.0
1620.0,2,1.7,14.0,1.0,5266.0,3,10.5,3.7,0.2,Downtown,297865.0,307262.0
1776.0,2,2.2,41.0,3.0,4613.0,4,14.3,4.2,0.09523809523809523,Suburb,270291.0,281470.0
1631.0,4,2.8,34.0,0.0,4103.0,8,24.7,6.8,0.22857142857142856,Suburb,290942.0,291635.0
1681.0,3,2.4,3.0,2.0,4983.0,3,4.4,5.4,0.75,Waterfront,378346.0,411359.0
1493.0,2,2.5,23.0,2.0,4440.0,9,3.0,4.5,0.375,Rural,227553.0,254389.0
2418.0,2,1.8,35.0,2.0,3732.0,7,3.9,3.8,0.19444444444444445,Suburb,333876.0,362045.0
2636.0,5,3.5,32.0,3.0,8330.0,6,3.4,8.5,0.18181818181818182,Suburb,448478.0,438943.0
1703.0,4,3.0,9.0,2.0,3533.0,9,10.4,7.0,0.9,Suburb,306930.0,335976.0
2297.0,3,1.3,13.0,2.0,4348.0,7,1.2,4.3,0.5,Downtown,414908.0,412113.0
1419.0,4,3.2,8.0,2.0,3444.0,2,3.9,7.2,0.2222222222222222,Rural,200896.0,187822.0
2025.0,4,3.2,36.0,2.0,5701.0,8,4.3,7.2,0.21621621621621623,Downtown,437544.0,415230.0
1471.0,4,2.8,5.0,3.0,1953.0,1,0.3,6.8,0.16666666666666666,Suburb,297655.0,236887.0
2383.0,4,4.0,54.0,1.0,4079.0,1,1.2,8.0,0.01818181818181818,Downtown,367750.0,362447.0
1168.0,3,1.8,6.0,2.0,3757.0,8,5.3,4.8,1.1428571428571428,Suburb,251048.0,272628.0
2767.0,3,1.6,26.0,0.0,9538.0,8,20.4,4.6,0.2962962962962963,Waterfront,605918.0,557217.0
2040.0,2,1.8,16.0,1.0,5406.0,6,12.2,3.8,0.35294117647058826,Suburb,328496.0,327605.0
1689.0,4,2.3,4.0,1.0,2577.0,10,8.7,6.3,2.0,Rural,251478.0,269197.0
1963.0,3,2.2,18.0,1.0,3561.0,3,0.8,5.2,0.15789473684210525,Suburb,299883.0,289754.0
1754.0,2,1.7,6.0,1.0,5531.0,1,5.8,3.7,0.14285714285714285,Suburb,267853.0,261809.0
2560.0,3,2.6,72.0,2.0,7637.0,7,18.0,5.6,0.0958904109589041,Rural,322287.0,332180.0
1857.0,3,2.9,12.0,2.0,3474.0,1,1.1,5.9,0.07692307692307693,Suburb,254636.0,273190.0
1824.0,3,1.3,4.0,2.0,4712.0,1,6.3,4.3,0.2,Downtown,354368.0,313862.0
1523.0,2,1.0,1.0,1.0,5065.0,1,2.1,3.0,0.5,Suburb,268680.0,236476.0
1695.0,2,1.2,6.0,0.0,2412.0,3,60.0,3.2,0.42857142857142855,Rural,154799.0,141850.0
2173.0,3,1.8,30.0,2.0,7359.0,7,0.6,4.8,0.22580645161290322,Suburb,379072.0,376953.0
2126.0,4,2.4,1.0,1.0,6076.0,1,13.9,6.4,0.5,Downtown,343423.0,354032.0
1834.0,5,4.2,11.0,2.0,4185.0,6,3.4,9.2,0.5,Suburb,392271.0,340347.0
1345.0,1,1.5,18.0,1.0,4241.0,4,8.5,2.5,0.21052631578947367,Suburb,252655.0,232601.0
2456.0,5,2.8,20.0,1.0,5808.0,6,16.0,7.8,0.2857142857142857,Downtown,444508.0,427279.0
2723.0,2,1.0,47.0,2.0,4012.0,1,5.1,3.0,0.020833333333333332,Rural,256451.0,261980.0
766.0,4,2.4,6.0,1.0,2424.0,8,8.1,6.4,1.1428571428571428,Downtown,247474.0,271976.0
1400.0,5,3.0,29.0,2.0,4136.0,9,4.4,8.0,0.3,Downtown,348045.0,359613.0
1647.0,4,3.1,15.0,1.0,3759.0,2,5.4,7.1,0.125,Downtown,270848.0,307569.0
500.0,4,3.0,3.0,2.0,1307.0,3,8.5,7.0,0.75,Suburb,169024.0,154659.0
1858.0,2,1.1,10.0,1.0,5011.0,10,15.4,3.1,0.9090909090909091,Rural,273840.0,281398.0
1755.0,3,2.1,10.0,3.0,4949.0,7,3.9,5.1,0.6363636363636364,Downtown,371288.0,379407.0
2399.0,5,3.8,42.0,2.0,6843.0,5,11.1,8.8,0.11627906976744186,Suburb,380243.0,383106.0
2045.0,3,2.5,14.0,2.0,5992.0,10,0.2,5.5,0.6666666666666666,Downtown,492884.0,441811.0
1658.0,3,2.0,39.0,1.0,4324.0,9,19.1,5.0,0.225,Suburb,272496.0,304246.0
2505.0,2,2.0,6.0,1.0,4058.0,3,9.3,4.0,0.42857142857142855,Waterfront,435993.0,461436.0
1754.0,3,2.4,2.0,1.0,5239.0,7,6.7,5.4,2.3333333333333335,Downtown,403449.0,375048.0
2410.0,3,3.3,11.0,1.0,7441.0,5,8.0,6.3,0.4166666666666667,Suburb,381506.0,387532.0
2379.0,4,2.2,6.0,2.0,3554.0,6,10.1,6.2,0.8571428571428571,Rural,316001.0,302929.0
1481.0,3,2.5,32.0,2.0,5143.0,5,2.0,5.5,0.15151515151515152,Downtown,307274.0,327302.0
1506.0,5,3.6,7.0,2.0,5110.0,5,0.6,8.6,0.625,Rural,262738.0,247477.0
1686.0,3,1.8,5.0,2.0,3965.0,4,0.3,4.8,0.6666666666666666,Rural,237683.0,225734.0
2762.0,3,1.9,11.0,1.0,7286.0,6,12.7,4.9,0.5,Downtown,468835.0,460046.0
2119.0,3,1.9,4.0,0.0,7339.0,4,8.3,4.9,0.8,Suburb,320403.0,336883.0
1733.0,4,2.9,14.0,2.0,5998.0,6,0.8,6.9,0.4,Suburb,325078.0,333801.0
1946.0,4,2.2,30.0,2.0,6283.0,6,17.9,6.2,0.1935483870967742,Suburb,314903.0,331568.0
1625.0,4,3.1,7.0,0.0,2141.0,9,0.7,7.1,1.125,Suburb,311352.0,314821.0
2082.0,4,3.3,12.0,2.0,5877.0,7,6.3,7.3,0.5384615384615384,Rural,337651.0,313804.0
1697.0,4,2.9,7.0,2.0,3077.0,10,3.8,6.9,1.25,Downtown,400604.0,392951.0
1719.0,3,2.2,33.0,2.0,5193.0,8,13.8,5.2,0.23529411764705882,Rural,255901.0,260304.0
500.0,4,3.7,1.0,0.0,1279.0,3,0.2,7.7,1.5,Rural,162958.0,95717.0
1606.0,4,3.4,49.0,1.0,2861.0,9,2.3,7.4,0.18,Downtown,313391.0,356293.0
2458.0,2,1.0,3.0,1.0,5797.0,9,0.2,3.0,2.25,Suburb,425796.0,406191.0
2288.0,5,4.0,14.0,0.0,4222.0,8,16.6,9.0,0.5333333333333333,Downtown,409003.0,424120.0
2256.0,2,1.8,9.0,2.0,7630.0,1,0.5,3.8,0.1,Downtown,390386.0,380047.0
2322.0,4,2.6,22.0,2.0,2851.0,10,34.4,6.6,0.43478260869565216,Downtown,397487.0,416958.0
2718.0,4,3.2,3.0,2.0,4188.0,10,10.6,7.2,2.5,Suburb,431211.0,447431.0
1377.0,4,2.5,8.0,3.0,3352.0,4,4.7,6.5,0.4444444444444444,Downtown,286466.0,309208.0
1302.0,5,3.2,58.0,2.0,2866.0,2,16.4,8.2,0.03389830508474576,Suburb,214634.0,208065.0
1812.0,2,1.8,0.0,1.0,2178.0,7,14.5,3.8,7.0,Suburb,260383.0,299821.0
2368.0,3,1.8,9.0,2.0,3722.0,4,3.5,4.8,0.4,Suburb,378100.0,341357.0
744.0,4,2.9,26.0,1.0,1851.0,2,13.7,6.9,0.07407407407407407,Suburb,141823.0,152271.0
1652.0,3,2.7,6.0,2.0,2884.0,5,13.9,5.7,0.7142857142857143,Suburb,252368.0,280549.0
1303.0,4,3.0,17.0,0.0,2791.0,6,3.0,7.0,0.3333333333333333,Waterfront,342340.0,380050.0
1009.0,3,1.5,49.0,2.0,1423.0,8,4.2,4.5,0.16,Suburb,183109.0,220912.0
1980.0,2,1.2,7.0,3.0,6013.0,8,5.2,3.2,1.0,Downtown,380839.0,408657.0
1904.0,2,1.8,11.0,2.0,5873.0,5,3.4,3.8,0.4166666666666667,Downtown,387704.0,370004.0
1267.0,5,3.4,33.0,0.0,2136.0,7,28.1,8.4,0.20588235294117646,Downtown,292420.0,285094.0
1224.0,4,2.7,8.0,1.0,2588.0,7,7.4,6.7,0.7777777777777778,Waterfront,361756.0,384772.0
2381.0,4,3.1,4.0,2.0,3431.0,9,3.0,7.1,1.8,Suburb,413000.0,404886.0
2321.0,3,2.6,4.0,2.0,7595.0,8,1.0,5.6,1.6,Suburb,428633.0,418550.0
1729.0,5,3.7,67.0,1.0,2864.0,8,2.8,8.7,0.11764705882352941,Suburb,291759.0,309309.0
2208.0,1,1.4,42.0,2.0,5868.0,2,5.2,2.4,0.046511627906976744,Downtown,377239.0,349316.0
1497.0,3,2.0,19.0,0.0,2648.0,7,1.1,5.0,0.35,Suburb,281968.0,271294.0
809.0,3,2.1,0.0,0.0,1579.0,2,3.3,5.1,2.0,Downtown,185596.0,206301.0
1521.0,3,1.7,2.0,2.0,3363.0,5,2.1,4.7,1.6666666666666667,Downtown,323192.0,322211.0
2022.0,2,2.0,4.0,2.0,5245.0,10,1.1,4.0,2.0,Waterfront,543075.0,508949.0
2626.0,4,2.6,9.0,2.0,8380.0,7,17.2,6.6,0.7,Waterfront,605058.0,556207.0
2684.0,3,1.9,36.0,1.0,5349.0,1,0.4,4.9,0.02702702702702703,Suburb,374326.0,341309.0
1291.0,4,2.2,66.0,2.0,2298.0,10,6.6,6.2,0.14925373134328357,Downtown,315836.0,319878.0
2581.0,3,2.1,12.0,1.0,7238.0,5,12.3,5.1,0.38461538461538464,Downtown,448031.0,435054.0
1213.0,4,3.1,41.0,0.0,2384.0,1,3.2,7.1,0.023809523809523808,Suburb,210025.0,187111.0
1897.0,3,2.8,5.0,1.0,5069.0,5,2.8,5.8,0.8333333333333334,Suburb,318332.0,324151.0
2326.0,3,2.2,5.0,1.0,5818.0,7,38.3,5.2,1.1666666666666667,Downtown,440077.0,405099.0
2267.0,3,2.1,40.0,2.0,4912.0,5,8.2,5.1,0.12195121951219512,Downtown,408877.0,385693.0
1675.0,2,1.8,66.0,1.0,3090.0,1,55.3,3.8,0.014925373134328358,Suburb,194308.0,177731.0
2619.0,3,2.2,7.0,2.0,6315.0,1,10.4,5.2,0.125,Suburb,389951.0,354990.0
2568.0,2,1.6,14.0,0.0,3862.0,6,5.7,3.6,0.4,Waterfront,507173.0,485350.0
1343.0,3,2.2,32.0,1.0,4189.0,6,13.5,5.2,0.18181818181818182,Suburb,244756.0,253845.0
2689.0,3,3.0,1.0,2.0,8599.0,5,5.7,6.0,2.5,Waterfront,575867.0,557215.0
2525.0,3,1.7,16.0,2.0,3098.0,4,1.1,4.7,0.23529411764705882,Downtown,422758.0,395224.0
1827.0,3,1.5,5.0,2.0,2742.0,9,6.3,4.5,1.5,Downtown,399618.0,377555.0
2980.0,4,1.9,54.0,2.0,6731.0,9,3.1,5.9,0.16363636363636364,Suburb,459810.0,456854.0
2228.0,5,3.5,11.0,2.0,4082.0,10,28.8,8.5,0.8333333333333334,Downtown,425631.0,436930.0
936.0,4,3.2,13.0,3.0,1969.0,3,12.5,7.2,0.21428571428571427,Suburb,192185.0,199634.0
2383.0,4,3.4,8.0,2.0,4065.0,1,2.4,7.4,0.1111111111111111,Downtown,387965.0,379449.0
2577.0,3,2.8,11.0,2.0,4720.0,8,2.8,5.8,0.6666666666666666,Suburb,409149.0,414887.0
1498.0,3,2.2,5.0,0.0,3112.0,10,1.3,5.2,1.6666666666666667,Waterfront,433679.0,436533.0
2046.0,3,2.7,3.0,1.0,3952.0,4,3.9,5.7,1.0,Rural,246573.0,257861.0
1427.0,3,2.0,1.0,2.0,4390.0,3,16.7,5.0,1.5,Suburb,271721.0,248335.0
1368.0,2,2.3,8.0,2.0,2791.0,10,2.9,4.3,1.1111111111111112,Downtown,329618.0,350633.0
1598.0,4,2.8,51.0,2.0,3736.0,4,1.0,6.8,0.07692307692307693,Rural,222667.0,208717.0
1375.0,2,1.7,17.0,2.0,4738.0,5,2.5,3.7,0.2777777777777778,Downtown,264482.0,310537.0
1135.0,2,1.7,10.0,0.0,2524.0,4,12.9,3.7,0.36363636363636365,Downtown,240748.0,244888.0
1878.0,3,1.7,8.0,2.0,3160.0,1,12.8,4.7,0.1111111111111111,Rural,178933.0,196095.0
1696.0,4,3.2,36.0,2.0,4327.0,8,29.1,7.2,0.21621621621621623,Waterfront,393498.0,434546.0
920.0,3,2.2,12.0,2.0,2059.0,4,5.7,5.2,0.3076923076923077,Suburb,193412.0,197558.0
2094.0,5,4.0,57.0,1.0,4515.0,9,6.2,9.0,0.15517241379310345,Rural,330855.0,308927.0
2403.0,2,1.0,1.0,1.0,7281.0,5,1.4,3.0,2.5,Waterfront,516629.0,499505.0
1780.0,3,2.3,28.0,1.0,3128.0,5,25.1,5.3,0.1724137931034483,Suburb,263776.0,268748.0
2346.0,3,2.4,11.0,3.0,3040.0,5,5.5,5.4,0.4166666666666667,Downtown,385669.0,398249.0
1442.0,3,3.1,5.0,0.0,3769.0,8,1.9,6.1,1.3333333333333333,Downtown,308320.0,345832.0
1406.0,4,2.9,4.0,3.0,2119.0,10,1.5,6.9,2.0,Suburb,330300.0,321240.0
1210.0,3,2.2,9.0,1.0,2939.0,5,4.0,5.2,0.5,Downtown,268002.0,284053.0
1505.0,2,1.9,18.0,2.0,4892.0,7,9.8,3.9,0.3684210526315789,Suburb,291393.0,292275.0
2306.0,4,2.4,58.0,1.0,6368.0,10,10.0,6.4,0.1694915254237288,Rural,321759.0,334488.0
1651.0,3,2.8,23.0,2.0,2505.0,6,12.8,5.8,0.25,Rural,197644.0,221796.0
2113.0,5,4.0,9.0,3.0,6861.0,2,0.7,9.0,0.2,Suburb,352036.0,355346.0
2669.0,2,2.4,10.0,2.0,7531.0,6,1.8,4.4,0.5454545454545454,Rural,341123.0,361782.0
1301.0,2,1.8,49.0,0.0,2642.0,8,0.9,3.8,0.16,Downtown,294249.0,294373.0
1608.0,2,2.1,17.0,1.0,5156.0,1,12.5,4.1,0.05555555555555555,Rural,162305.0,179618.0
1646.0,3,1.6,4.0,2.0,3570.0,7,6.9,4.6,1.4,Downtown,353644.0,349352.0
1986.0,4,3.7,6.0,1.0,2568.0,10,7.6,7.7,1.4285714285714286,Suburb,370350.0,366553.0
1172.0,3,2.1,43.0,2.0,2268.0,7,1.0,5.1,0.1590909090909091,Suburb,220037.0,242065.0
2107.0,4,3.2,43.0,1.0,6166.0,1,6.6,7.2,0.022727272727272728,Suburb,318710.0,302067.0
1708.0,2,1.6,18.0,2.0,5498.0,1,12.6,3.6,0.05263157894736842,Suburb,259468.0,252910.0
2139.0,4,2.3,7.0,1.0,7485.0,6,15.4,6.3,0.75,Suburb,352692.0,364682.0
2249.0,1,1.2,3.0,2.0,6176.0,10,11.2,2.2,2.5,Rural,316729.0,336644.0
1971.0,3,1.9,12.0,2.0,5129.0,5,9.7,4.9,0.38461538461538464,Suburb,334919.0,322061.0
1266.0,3,1.9,17.0,3.0,4017.0,8,1.4,4.9,0.4444444444444444,Downtown,328831.0,334843.0
1931.0,4,1.8,13.0,2.0,5447.0,4,11.5,5.8,0.2857142857142857,Downtown,356973.0,358408.0
1368.0,4,2.8,11.0,1.0,2484.0,7,9.1,6.8,0.5833333333333334,Suburb,257827.0,270525.0
2350.0,3,2.3,6.0,0.0,7333.0,7,3.6,5.3,1.0,Downtown,449802.0,439212.0
1936.0,3,2.3,4.0,0.0,5484.0,3,18.7,5.3,0.6,Suburb,295319.0,290958.0
2750.0,2,2.0,8.0,1.0,7022.0,7,13.0,4.0,0.7777777777777778,Suburb,428829.0,418835.0
1948.0,4,3.5,4.0,0.0,2806.0,7,8.0,7.5,1.4,Downtown,355425.0,375900.0
1674.0,2,2.0,26.0,2.0,5583.0,5,11.3,4.0,0.18518518518518517,Downtown,341800.0,337085.0
2412.0,4,2.6,8.0,0.0,5800.0,8,18.6,6.6,0.8888888888888888,Suburb,394367.0,388893.0
2041.0,3,2.2,54.0,1.0,3280.0,3,2.6,5.2,0.05454545454545454,Suburb,267549.0,279849.0
2572.0,4,2.8,9.0,0.0,5532.0,1,3.7,6.8,0.1,Waterfront,495603.0,469285.0
1544.0,4,3.1,5.0,2.0,2240.0,2,10.4,7.1,0.3333333333333333,Suburb,262452.0,245083.0
1456.0,5,4.5,100.0,2.0,3702.0,5,1.9,9.5,0.04950495049504951,Waterfront,378493.0,387607.0
1638.0,3,2.7,30.0,1.0,4140.0,6,6.8,5.7,0.1935483870967742,Suburb,283309.0,289472.0
1615.0,4,3.2,3.0,2.0,1950.0,9,6.0,7.2,2.25,Downtown,367664.0,369665.0
1237.0,3,2.9,33.0,3.0,1776.0,7,9.4,5.9,0.20588235294117646,Waterfront,349619.0,378143.0
2099.0,1,1.2,2.0,1.0,3484.0,7,9.1,2.2,2.3333333333333335,Waterfront,478017.0,452845.0
912.0,1,1.6,2.0,0.0,1481.0,3,1.3,2.6,1.0,Downtown,207331.0,214630.0
1706.0,1,2.0,64.0,2.0,5898.0,2,1.7,3.0,0.03076923076923077,Suburb,264914.0,256786.0
1017.0,4,2.7,58.0,2.0,2910.0,1,6.3,6.7,0.01694915254237288,Rural,168196.0,113342.0
1847.0,2,2.7,31.0,2.0,5072.0,9,5.8,4.7,0.28125,Downtown,421564.0,394804.0
1842.0,4,3.1,20.0,1.0,2867.0,10,3.2,7.1,0.47619047619047616,Suburb,350967.0,348579.0
1303.0,4,3.5,7.0,2.0,1579.0,1,15.1,7.5,0.125,Rural,164985.0,146950.0
2296.0,2,1.8,18.0,1.0,4610.0,9,1.9,3.8,0.47368421052631576,Suburb,353868.0,379882.0
2285.0,3,1.9,5.0,1.0,6128.0,1,16.0,4.9,0.16666666666666666,Waterfront,448658.0,436778.0
1812.0,3,1.3,0.0,2.0,4296.0,7,10.3,4.3,7.0,Downtown,318738.0,371546.0
1785.0,4,2.9,22.0,2.0,4470.0,2,7.6,6.9,0.08695652173913043,Downtown,325335.0,325771.0
2348.0,3,2.1,36.0,1.0,3769.0,2,8.6,5.1,0.05405405405405406,Downtown,333221.0,350034.0
1909.0,3,2.9,5.0,1.0,2881.0,4,37.8,5.9,0.6666666666666666,Suburb,264166.0,273116.0
2524.0,3,2.5,25.0,1.0,8099.0,1,17.1,5.5,0.038461538461538464,Suburb,324323.0,346303.0
1726.0,2,2.1,5.0,2.0,2152.0,9,3.8,4.1,1.5,Suburb,316919.0,320547.0
1193.0,4,2.9,5.0,3.0,3877.0,3,2.8,6.9,0.5,Downtown,271398.0,292909.0
1439.0,2,1.6,49.0,2.0,4860.0,3,2.0,3.6,0.06,Downtown,296983.0,285587.0
1202.0,2,1.5,56.0,0.0,3060.0,2,17.4,3.5,0.03508771929824561,Suburb,168039.0,167386.0
1498.0,4,2.7,20.0,2.0,4188.0,8,0.7,6.7,0.38095238095238093,Downtown,369669.0,359986.0
1756.0,4,2.3,34.0,2.0,4313.0,6,4.1,6.3,0.17142857142857143,Suburb,314555.0,307409.0
2288.0,4,2.6,4.0,2.0,7024.0,7,4.4,6.6,1.4,Rural,319375.0,341351.0
1955.0,5,3.6,18.0,2.0,6371.0,7,10.9,8.6,0.3684210526315789,Suburb,344022.0,366178.0
1839.0,2,1.8,58.0,2.0,2742.0,10,4.3,3.8,0.1694915254237288,Suburb,314429.0,321973.0
1265.0,4,2.8,10.0,3.0,3178.0,10,0.8,6.8,0.9090909090909091,Rural,244706.0,253723.0
1469.0,2,1.9,35.0,3.0,2617.0,2,8.3,3.9,0.05555555555555555,Downtown,273625.0,268789.0
2181.0,3,2.0,18.0,2.0,3991.0,1,3.2,5.0,0.05263157894736842,Downtown,340843.0,342510.0
1907.0,3,2.3,16.0,2.0,5996.0,3,4.1,5.3,0.17647058823529413,Waterfront,450999.0,434245.0
1625.0,3,1.7,28.0,1.0,4366.0,3,1.8,4.7,0.10344827586206896,Downtown,305868.0,304207.0
2775.0,3,2.6,3.0,2.0,6862.0,5,0.8,5.6,1.25,Suburb,409688.0,424632.0
2291.0,2,1.1,11.0,2.0,3390.0,7,8.3,3.1,0.5833333333333334,Downtown,428451.0,394944.0
1057.0,3,2.2,4.0,2.0,3187.0,5,1.9,5.2,1.0,Waterfront,293646.0,359759.0
2323.0,2,1.2,1.0,2.0,4124.0,2,41.9,3.2,1.0,Suburb,272582.0,289602.0
1795.0,3,2.6,23.0,1.0,2460.0,4,4.6,5.6,0.16666666666666666,Downtown,310325.0,320420.0
2273.0,3,1.7,2.0,0.0,5959.0,3,24.8,4.7,1.0,Suburb,319227.0,317242.0
1587.0,3,2.4,23.0,3.0,4527.0,8,0.6,5.4,0.3333333333333333,Downtown,404484.0,370144.0
1304.0,4,3.3,6.0,2.0,2677.0,2,12.3,7.3,0.2857142857142857,Suburb,226269.0,226847.0
2068.0,3,2.1,1.0,1.0,6619.0,3,7.9,5.1,1.5,Suburb,312642.0,325869.0
2309.0,3,2.5,24.0,1.0,4073.0,4,2.3,5.5,0.16,Suburb,318281.0,333880.0
2010.0,1,1.1,3.0,2.0,4618.0,2,2.0,2.1,0.5,Downtown,359431.0,335856.0
1502.0,3,1.8,2.0,0.0,3331.0,1,0.6,4.8,0.3333333333333333,Rural,198221.0,164214.0
1645.0,5,3.5,24.0,2.0,3456.0,10,1.9,8.5,0.4,Rural,272344.0,286603.0
2193.0,3,1.6,2.0,1.0,4510.0,5,10.5,4.6,1.6666666666666667,Suburb,353537.0,333120.0
1336.0,3,2.6,38.0,2.0,4269.0,2,11.2,5.6,0.05128205128205128,Suburb,254256.0,223295.0
1910.0,3,2.4,5.0,2.0,5045.0,8,13.0,5.4,1.3333333333333333,Rural,270480.0,289629.0
2830.0,3,1.8,3.0,1.0,9677.0,10,4.4,4.8,2.5,Waterfront,655558.0,612329.0
1325.0,4,2.5,3.0,0.0,3663.0,9,3.8,6.5,2.25,Downtown,339400.0,342427.0
2250.0,2,1.7,23.0,3.0,5173.0,6,7.1,3.7,0.25,Suburb,344136.0,356142.0
2098.0,2,1.3,28.0,2.0,4990.0,10,10.3,3.3,0.3448275862068966,Waterfront,531073.0,491462.0
1463.0,4,3.2,4.0,1.0,3915.0,3,6.7,7.2,0.6,Suburb,240774.0,259603.0
1693.0,2,1.9,11.0,2.0,2684.0,4,7.9,3.9,0.3333333333333333,Rural,213528.0,205777.0
2149.0,3,2.8,8.0,2.0,7171.0,5,11.0,5.8,0.5555555555555556,Suburb,365771.0,362615.0
2028.0,3,2.7,15.0,2.0,5938.0,5,7.8,5.7,0.3125,Suburb,361829.0,340301.0
1604.0,2,1.9,29.0,1.0,3295.0,10,1.8,3.9,0.3333333333333333,Downtown,364331.0,359693.0
1294.0,2,2.4,26.0,1.0,2839.0,3,3.0,4.4,0.1111111111111111,Suburb,189893.0,217633.0
768.0,2,1.5,17.0,2.0,1784.0,9,6.7,3.5,0.5,Waterfront,328234.0,343869.0
2390.0,4,2.4,28.0,2.0,4298.0,1,34.9,6.4,0.034482758620689655,Waterfront,430468.0,421524.0
1350.0,3,2.3,0.0,1.0,4638.0,6,13.7,5.3,6.0,Downtown,322880.0,321954.0
1270.0,3,1.7,26.0,1.0,2862.0,2,1.2,4.7,0.07407407407407407,Waterfront,282962.0,329347.0
1335.0,2,1.0,11.0,1.0,2406.0,10,15.8,3.0,0.8333333333333334,Waterfront,390596.0,396150.0
1109.0,2,1.3,18.0,2.0,1433.0,8,2.7,3.3,0.42105263157894735,Waterfront,338109.0,362906.0
987.0,3,1.7,16.0,2.0,2868.0,1,0.7,4.7,0.058823529411764705,Rural,164223.0,119088.0
1289.0,2,1.6,36.0,1.0,3558.0,3,1.6,3.6,0.08108108108108109,Downtown,238363.0,260781.0
2462.0,2,1.6,17.0,1.0,7325.0,8,1.8,3.6,0.4444444444444444,Waterfront,546699.0,531037.0
2003.0,3,3.2,36.0,2.0,2525.0,8,12.5,6.2,0.21621621621621623,Suburb,330168.0,331704.0
1677.0,3,2.2,4.0,1.0,3908.0,3,7.7,5.2,0.6,Suburb,269442.0,267407.0
1467.0,3,2.5,28.0,0.0,3398.0,4,15.5,5.5,0.13793103448275862,Suburb,273476.0,235846.0
1757.0,3,2.4,4.0,1.0,3447.0,7,26.3,5.4,1.4,Waterfront,419069.0,423068.0
1858.0,4,2.7,38.0,0.0,4375.0,4,20.9,6.7,0.10256410256410256,Suburb,270610.0,276004.0
1430.0,4,3.2,13.0,1.0,4864.0,2,5.7,7.2,0.14285714285714285,Downtown,262989.0,298427.0
1714.0,3,2.7,11.0,2.0,4649.0,4,0.9,5.7,0.3333333333333333,Suburb,295920.0,298155.0
2038.0,3,1.7,9.0,0.0,6062.0,5,13.6,4.7,0.5,Suburb,360706.0,321302.0
2527.0,3,2.6,26.0,1.0,3780.0,3,4.1,5.6,0.1111111111111111,Rural,231376.0,280002.0
1210.0,3,2.3,14.0,1.0,1927.0,10,21.5,5.3,0.6666666666666666,Downtown,263938.0,310627.0
1785.0,4,2.6,12.0,2.0,5301.0,10,0.9,6.6,0.7692307692307693,Suburb,356432.0,370065.0
2898.0,2,1.9,6.0,2.0,8742.0,2,8.5,3.9,0.2857142857142857,Downtown,443810.0,453027.0
1242.0,3,2.0,25.0,2.0,2138.0,7,3.9,5.0,0.2692307692307692,Suburb,234221.0,251157.0
1112.0,3,2.6,6.0,1.0,3320.0,9,0.3,5.6,1.2857142857142858,Rural,216051.0,217791.0
1346.0,3,2.3,1.0,0.0,2736.0,10,3.3,5.3,5.0,Suburb,292750.0,298612.0
1293.0,5,2.9,2.0,2.0,4140.0,1,2.3,7.9,0.3333333333333333,Rural,178257.0,176526.0
1003.0,4,3.0,8.0,1.0,2312.0,8,6.2,7.0,0.8888888888888888,Suburb,267816.0,250885.0
2293.0,4,3.4,3.0,0.0,6848.0,4,2.6,7.4,1.0,Waterfront,548165.0,492410.0
1027.0,2,2.3,18.0,1.0,3155.0,2,20.5,4.3,0.10526315789473684,Downtown,248997.0,222748.0
1470.0,5,3.0,39.0,3.0,3476.0,10,13.5,8.0,0.25,Downtown,356559.0,365580.0
1710.0,2,1.9,5.0,1.0,4206.0,9,34.4,3.9,1.5,Suburb,331751.0,306868.0
1769.0,4,3.3,6.0,2.0,4403.0,2,3.2,7.3,0.2857142857142857,Downtown,314982.0,336102.0
2279.0,3,2.0,26.0,2.0,5473.0,9,1.6,5.0,0.3333333333333333,Waterfront,546166.0,517398.0
1956.0,4,3.0,16.0,2.0,4272.0,9,6.1,7.0,0.5294117647058824,Downtown,423622.0,411686.0
3422.0,3,2.4,32.0,2.0,9884.0,7,0.9,5.4,0.21212121212121213,Suburb,528210.0,514005.0
965.0,2,2.2,34.0,2.0,3075.0,5,19.2,4.2,0.14285714285714285,Suburb,193948.0,198849.0
1804.0,3,2.3,14.0,2.0,5917.0,1,3.0,5.3,0.06666666666666667,Rural,223414.0,221583.0
2537.0,3,2.9,74.0,2.0,8737.0,7,4.3,5.9,0.09333333333333334,Downtown,448770.0,457361.0
1653.0,1,1.0,13.0,2.0,2307.0,7,6.0,2.0,0.5,Rural,216376.0,218926.0
1969.0,5,3.5,10.0,2.0,5324.0,9,0.9,8.5,0.8181818181818182,Rural,338846.0,327710.0
2333.0,2,2.6,18.0,1.0,8108.0,5,17.9,4.6,0.2631578947368421,Suburb,359999.0,367927.0
1630.0,4,3.5,23.0,2.0,5306.0,5,3.9,7.5,0.20833333333333334,Suburb,283954.0,308145.0
2196.0,3,1.6,1.0,1.0,4409.0,5,3.9,4.6,2.5,Suburb,320209.0,338336.0
1856.0,4,3.3,2.0,2.0,3782.0,5,11.7,7.3,1.6666666666666667,Suburb,287750.0,317731.0
827.0,4,2.6,58.0,2.0,2289.0,7,5.1,6.6,0.11864406779661017,Downtown,251535.0,256090.0
1904.0,2,2.3,12.0,3.0,4422.0,2,2.3,4.3,0.15384615384615385,Downtown,334661.0,338808.0
2413.0,4,2.9,3.0,3.0,5086.0,2,3.7,6.9,0.5,Downtown,376119.0,403211.0
2168.0,2,1.3,2.0,1.0,2728.0,7,9.2,3.3,2.3333333333333335,Rural,262968.0,271628.0
2134.0,2,1.1,1.0,1.0,5549.0,7,0.8,3.1,3.5,Rural,298683.0,297562.0
1059.0,2,2.0,53.0,1.0,1574.0,1,15.9,4.0,0.018518518518518517,Downtown,174518.0,190949.0
1724.0,1,1.0,4.0,2.0,3796.0,7,2.4,2.0,1.4,Suburb,279160.0,304357.0
1789.0,2,1.9,16.0,0.0,4940.0,6,6.5,3.9,0.35294117647058826,Downtown,371282.0,346984.0
1699.0,4,2.9,9.0,2.0,4990.0,1,1.8,6.9,0.1,Downtown,343319.0,321579.0
2721.0,2,3.3,25.0,2.0,6988.0,10,1.4,5.3,0.38461538461538464,Rural,354832.0,402353.0
500.0,5,3.0,25.0,1.0,1199.0,5,13.4,8.0,0.19230769230769232,Downtown,190966.0,204923.0
1556.0,4,2.1,37.0,1.0,4428.0,1,10.0,6.1,0.02631578947368421,Downtown,242771.0,275925.0
1134.0,4,3.0,5.0,1.0,2309.0,6,6.5,7.0,1.0,Waterfront,360436.0,368965.0
1906.0,3,2.5,22.0,2.0,4649.0,4,4.9,5.5,0.17391304347826086,Downtown,367428.0,353478.0
773.0,3,1.9,50.0,3.0,991.0,8,0.2,4.9,0.1568627450980392,Downtown,277698.0,253994.0
1341.0,4,2.5,5.0,2.0,3448.0,4,7.0,6.5,0.6666666666666666,Downtown,273339.0,300732.0
1332.0,3,2.5,15.0,2.0,1714.0,4,26.5,5.5,0.25,Suburb,210541.0,218131.0
587.0,3,2.6,6.0,1.0,1940.0,1,2.5,5.6,0.14285714285714285,Rural,117827.0,79231.0
1631.0,2,2.3,4.0,2.0,2739.0,5,4.3,4.3,1.0,Waterfront,398064.0,403956.0
2443.0,3,2.1,45.0,1.0,8287.0,1,3.6,5.1,0.021739130434782608,Rural,262393.0,279578.0
2481.0,2,2.3,15.0,1.0,4594.0,9,11.2,4.3,0.5625,Suburb,380431.0,394837.0
2480.0,3,1.9,1.0,3.0,6267.0,3,9.0,4.9,1.5,Waterfront,519659.0,493732.0
2649.0,3,1.8,13.0,2.0,8182.0,4,3.8,4.8,0.2857142857142857,Waterfront,538849.0,526278.0
579.0,3,2.3,7.0,2.0,1862.0,8,21.2,5.3,1.0,Suburb,192486.0,195982.0
1879.0,1,1.7,15.0,1.0,5966.0,10,0.4,2.7,0.625,Waterfront,503638.0,486432.0
2278.0,3,2.0,59.0,2.0,7246.0,8,1.2,5.0,0.13333333333333333,Rural,275812.0,325391.0
977.0,3,2.3,21.0,2.0,2657.0,1,0.2,5.3,0.045454545454545456,Downtown,223733.0,226420.0
2517.0,3,2.2,49.0,2.0,8659.0,4,9.9,5.2,0.08,Downtown,439415.0,425608.0
1875.0,4,3.0,6.0,0.0,3652.0,2,6.1,7.0,0.2857142857142857,Suburb,257385.0,277107.0
1564.0,4,3.5,15.0,0.0,2519.0,5,8.6,7.5,0.3125,Rural,232549.0,207447.0
1500.0,2,2.1,34.0,3.0,2373.0,9,5.2,4.1,0.2571428571428571,Rural,222221.0,234822.0
1070.0,4,3.8,19.0,2.0,3576.0,1,15.9,7.8,0.05,Suburb,237370.0,199837.0
1688.0,4,2.9,69.0,2.0,5174.0,5,2.5,6.9,0.07142857142857142,Suburb,291403.0,291567.0
1308.0,1,1.2,11.0,1.0,4081.0,7,4.5,2.2,0.5833333333333334,Suburb,262208.0,260373.0
2324.0,3,1.2,29.0,0.0,3176.0,4,17.3,4.2,0.13333333333333333,Downtown,359483.0,346059.0
2261.0,4,1.9,0.0,2.0,7180.0,6,18.9,5.9,6.0,Downtown,393653.0,426677.0
2135.0,3,2.8,63.0,0.0,3419.0,6,7.7,5.8,0.09375,Downtown,366139.0,357201.0
1728.0,4,2.7,32.0,1.0,5248.0,9,17.7,6.7,0.2727272727272727,Downtown,413512.0,376767.0
1969.0,2,1.7,10.0,2.0,4911.0,4,2.0,3.7,0.36363636363636365,Suburb,301327.0,312189.0
1934.0,4,2.5,4.0,2.0,5778.0,9,1.8,6.5,1.8,Downtown,421157.0,426730.0
1923.0,3,2.7,14.0,1.0,6104.0,1,15.2,5.7,0.06666666666666667,Waterfront,402132.0,407386.0
2083.0,3,2.3,11.0,2.0,4821.0,3,5.5,5.3,0.25,Downtown,378614.0,363288.0
1624.0,3,2.6,10.0,1.0,5094.0,5,17.4,5.6,0.45454545454545453,Rural,235944.0,225435.0
2324.0,4,3.0,0.0,1.0,5313.0,2,18.1,7.0,2.0,Suburb,337630.0,331905.0
